Variable,U,Rank_Biserial,p,Mean_Group0,SD_Group0,Mean_Group1,SD_Group1,Median_Group0,Median_Group1,N_Group0,N_Group1
O3PSg+R-APOSSPREP,862.0,0.26300366300366296,0.00347911742272124,0.0019067938404451058,0.003809018133677297,0.00025228200541259235,0.0011467410769298002,0.0,0.0,35,39
TRUNC-A,943.0,0.38168498168498166,0.0039042103948343796,0.006719480734310747,0.0060157539243783234,0.003376703385854728,0.005056402963622289,0.0049261083743842,0.0,35,39
O3PSg+R+I-AOBJES,884.5,0.29597069597069603,0.01232591097017258,0.0029901917741702627,0.003502682023190463,0.0012060947857585745,0.0024279030732378293,0.0020449897750511,0.0,35,39
MSTRUNC-A,903.0,0.32307692307692304,0.012979132587551045,0.005561147562813456,0.005441496435494122,0.0029207066962863974,0.004825030801192888,0.0047393364928909,0.0,35,39
O3PPl+R-ASUB,877.0,0.2849816849816851,0.014879918715370748,0.0031930741363898197,0.00444025834388132,0.001164977305983328,0.0024448804783743627,0.0019960079840319,0.0,35,39
O3PSg+R-APOSSPREPMS,801.0,0.17362637362637368,0.01778542792752385,0.0012131645712309686,0.0035069431516043235,0.00010841871306987435,0.0006770746461102952,0.0,0.0,35,39
O3PSg+R+I-AOBJ,885.0,0.29670329670329676,0.018676675792578496,0.004263925723695002,0.004378550124619716,0.002559563600573308,0.004610285497936458,0.0034965034965034,0.0,35,39
O3PPl+R-ASUBES,835.0,0.22344322344322354,0.025538335230338976,0.0019005852215785,0.00302298148862051,0.000596293987327205,0.0017487399182926936,0.0,0.0,35,39
O3PSg+R+I+ASUBES,580.0,-0.1501831501831502,0.04049226008842146,0.00013540961408259715,0.0008010940803113738,0.0009031797438730282,0.0021544622910429764,0.0,0.0,35,39
O1PSgPREP,859.5,0.2593406593406593,0.04222007732546696,0.004641527841592706,0.005677238050495032,0.002858513013420667,0.0046580952417550284,0.0040241448692152,0.0,35,39
O3PSg+R+I+A,524.0,-0.2322344322344322,0.04230621858187046,0.0011418668194966542,0.0026023110645882817,0.0029924633079682103,0.004791822448059617,0.0,0.0,35,39
O3PSg+R-APOSS,821.0,0.20293040293040288,0.06032867447961496,0.0033525691785285055,0.006725687533795509,0.001924914686985441,0.005008643805072408,0.0,0.0,35,39
O3PPl+R+APREPMS,741.0,0.08571428571428563,0.06612004317660389,0.00033014530017151997,0.0013182081134478548,0.0,0.0,0.0,0.0,35,39
O3PPl+R+APREP,741.0,0.08571428571428563,0.06612004317660389,0.00033014530017151997,0.0013182081134478548,0.0,0.0,0.0,0.0,35,39
ESTRUNC-A,790.0,0.15750915750915762,0.09904314334744745,0.00115833317149728,0.002204884632541708,0.00045599668956832303,0.0013778896540223501,0.0,0.0,35,39
O3PSg+R+I+APREPMS,630.0,-0.07692307692307687,0.09945295277524299,0.0,0.0,0.00037907619404614097,0.001364980835543893,0.0,0.0,35,39
O3PSg+R+I+APREP,630.0,-0.07692307692307687,0.09945295277524299,0.0,0.0,0.00037907619404614097,0.001364980835543893,0.0,0.0,35,39
O3PPl-R-AExpSUBES,630.0,-0.07692307692307687,0.09945295277524299,0.0,0.0,0.00030966506075844616,0.0012350644127075974,0.0,0.0,35,39
O1PSgPOSSPREP,830.0,0.21611721611721602,0.1037056836718216,0.006709612113382301,0.005957542869084394,0.005398933246188649,0.007348823385125924,0.0055401662049861,0.0021739130434782,35,39
O3PSg+R-ASUB,807.0,0.18241758241758244,0.11957114196926184,0.009167897724303922,0.01610541259387629,0.007085377617894692,0.014541591715684601,0.0,0.0,35,39
O3PPl+R-A,817.5,0.19780219780219777,0.12543288141480688,0.004817508877011083,0.006418939283068002,0.0025241119693279338,0.0031821425417136373,0.002415458937198,0.0,35,39
MSTRUNC,823.0,0.2058608058608058,0.1263416675540724,0.007881644870124306,0.00651239264915003,0.005825647934538912,0.0061788694979875375,0.0073529411764705,0.0058479532163742,35,39
O2PSg,550.0,-0.19413919413919412,0.1265796178832637,0.006255499003139877,0.013199722563291374,0.007436499180290004,0.010453294838899192,0.0,0.0033333333333333,35,39
O3PPl,822.0,0.20439560439560434,0.12791243268157806,0.006828182533143566,0.006822125526764977,0.004664042185626623,0.00513525630216901,0.0047393364928909,0.0034602076124567,35,39
O3PSgExp,721.5,0.05714285714285716,0.1378724459136775,0.00023268593409235143,0.0010055460378666375,0.0,0.0,0.0,0.0,35,39
O2PSg-R-A,721.5,0.05714285714285716,0.1378724459136775,0.00019742628438280287,0.0008794352688594512,0.0,0.0,0.0,0.0,35,39
O2PSg-R-AGen,721.5,0.05714285714285716,0.1378724459136775,0.00019742628438280287,0.0008794352688594512,0.0,0.0,0.0,0.0,35,39
O3PPl+R-APOSSPREP,721.5,0.05714285714285716,0.1378724459136775,0.00022082055980360572,0.001007835441848712,0.0,0.0,0.0,0.0,35,39
N1PSgSUBMS,721.5,0.05714285714285716,0.1378724459136775,0.00014295913304879712,0.0005995064665288218,0.0,0.0,0.0,0.0,35,39
O2PSg-R,721.5,0.05714285714285716,0.1378724459136775,0.00019742628438280287,0.0008794352688594512,0.0,0.0,0.0,0.0,35,39
O3PPl+R-APOSSPREPMS,721.5,0.05714285714285716,0.1378724459136775,0.00014011030960183143,0.0005844805431738671,0.0,0.0,0.0,0.0,35,39
O2PSg-R-AGenSUB,721.5,0.05714285714285716,0.1378724459136775,0.00019742628438280287,0.0008794352688594512,0.0,0.0,0.0,0.0,35,39
O3PPl+R-APOSSMS,721.5,0.05714285714285716,0.1378724459136775,0.00015985548170157428,0.0006588493817436622,0.0,0.0,0.0,0.0,35,39
O3PPl+R,816.0,0.19560439560439558,0.14196138272654757,0.006395364195304949,0.0070007519917229,0.004203328968704928,0.0049516516653083575,0.00418410041841,0.0033222591362126,35,39
O3PPl+R-APOSS,742.0,0.08717948717948709,0.1421027979517495,0.00044968915399655436,0.001558381354444057,0.00011655011655011538,0.0007278552445685705,0.0,0.0,35,39
O3PPl+R-AOBJMS,742.0,0.08717948717948709,0.1421027979517495,0.0003510776955196057,0.0010267417783640612,8.547008547008462e-05,0.0005337605126836183,0.0,0.0,35,39
O,818.0,0.1985347985347985,0.14385186965485364,0.14311981885626346,0.031708732895069154,0.12859884846767025,0.04001590021083448,0.1433021806853582,0.1286549707602339,35,39
O3PSg+R-A,804.0,0.17802197802197806,0.14730370702595566,0.01670074839371481,0.027465433868062234,0.012280499557847609,0.023493397211333884,0.0046948356807511,0.0,35,39
O3PPl+R-ASUBMS,772.0,0.1311355311355311,0.15853926263619522,0.0012924889148113173,0.002601881818386715,0.000568683318656123,0.0017544727894179975,0.0,0.0,35,39
O3PSg+R-ASUBMS,792.5,0.16117216117216127,0.1644510230033258,0.005386581934598286,0.010037067875646472,0.0038738798859174464,0.007960691977621018,0.0,0.0,35,39
O3PSg+R-APOSSPREPES,748.0,0.09597069597069607,0.16575745175483225,0.0005556030442313858,0.001423396629538796,0.00014386329234271537,0.0006466118317724576,0.0,0.0,35,39
O3PSg+R+I+ASUB,594.0,-0.12967032967032965,0.1749062538648859,0.0005745970384806944,0.001491504266479826,0.0019509148155548999,0.004147970194280382,0.0,0.0,35,39
O2PSgGenSUB,605.0,-0.1135531135531136,0.17795382758549072,0.0012627749871208572,0.0053793929089677546,0.0018642311261689742,0.004734609458246579,0.0,0.0,35,39
N3PSg-R-AExpSUB,647.5,-0.05128205128205132,0.18364889654604954,0.0,0.0,0.00021254361572113848,0.0010021961242950553,0.0,0.0,35,39
N2P,647.5,-0.05128205128205132,0.18364889654604954,0.0,0.0,0.00022031414436477436,0.0010418503345636103,0.0,0.0,35,39
N3PSg+R+I,647.5,-0.05128205128205132,0.18364889654604954,0.0,0.0,0.00029550573696125385,0.0013917410067422389,0.0,0.0,35,39
N3PSg+R+I+ASUB,647.5,-0.05128205128205132,0.18364889654604954,0.0,0.0,0.00029550573696125385,0.0013917410067422389,0.0,0.0,35,39
N3PSg+R+I+ASUBMS,647.5,-0.05128205128205132,0.18364889654604954,0.0,0.0,0.00029550573696125385,0.0013917410067422389,0.0,0.0,35,39
N3PSg-R-A,647.5,-0.05128205128205132,0.18364889654604954,0.0,0.0,0.00021254361572113848,0.0010021961242950553,0.0,0.0,35,39
O2PSgGenPOSS,647.5,-0.05128205128205132,0.18364889654604954,0.0,0.0,0.0005351836038166128,0.0024889492060774275,0.0,0.0,35,39
N3PSg-R-AExp,647.5,-0.05128205128205132,0.18364889654604954,0.0,0.0,0.00021254361572113848,0.0010021961242950553,0.0,0.0,35,39
N3PSg+R+I+A,647.5,-0.05128205128205132,0.18364889654604954,0.0,0.0,0.00029550573696125385,0.0013917410067422389,0.0,0.0,35,39
N2PSg,647.5,-0.05128205128205132,0.18364889654604954,0.0,0.0,0.00022031414436477436,0.0010418503345636103,0.0,0.0,35,39
N3PSg-R,647.5,-0.05128205128205132,0.18364889654604954,0.0,0.0,0.00021254361572113848,0.0010021961242950553,0.0,0.0,35,39
TRUNC,803.5,0.17728937728937733,0.18977047006703363,0.010099155667498926,0.007460375754687315,0.007969421667672012,0.007783178803511838,0.0093896713615023,0.0066225165562913,35,39
O2PPlSUB,744.0,0.09010989010989001,0.1933696291256478,0.0005307536802051485,0.00147541384591901,0.00017094207029650513,0.0007448655214584396,0.0,0.0,35,39
O2P,567.0,-0.16923076923076918,0.19406991397748374,0.007108072035415398,0.013656933230499685,0.00808011672326198,0.010982149894010914,0.0,0.0034602076124567,35,39
O3PSg+R+A,634.0,-0.07106227106227103,0.23235698049948095,0.0018907563025210084,0.011185865136112728,0.0013214461898842357,0.004893861271897365,0.0,0.0,35,39
O3PSg+R+I-A,785.0,0.1501831501831501,0.26815819428500387,0.010549182556333785,0.007646835077620979,0.009303802735409988,0.009673310285166464,0.0088495575221238,0.0069930069930069,35,39
O2PSgGen,618.5,-0.09377289377289377,0.2840823965209105,0.0013202627709667887,0.005376251402229929,0.00274423282863239,0.0076606437304095444,0.0,0.0,35,39
O3PSg+R-APREP,747.0,0.09450549450549461,0.2961621308490179,0.0009499932934580656,0.002057115906180224,0.0006604287644510846,0.0019999044609708802,0.0,0.0,35,39
O1PSgOBJ,776.5,0.13772893772893768,0.2964038069459489,0.005787578001348617,0.005885950601463485,0.005040092504345337,0.006551604230071318,0.0041152263374485,0.0020325203252032,35,39
O2PSg-R-AGenSUBMS,702.0,0.02857142857142847,0.3037002443347643,5.9400059400057146e-05,0.00035141549053159423,0.0,0.0,0.0,0.0,35,39
O1PPl-R-AGenSUBES,702.0,0.02857142857142847,0.3037002443347643,5.9400059400057146e-05,0.00035141549053159423,0.0,0.0,0.0,0.0,35,39
O3PSg-R-AExpPREPES,702.0,0.02857142857142847,0.3037002443347643,8.900756564307715e-05,0.0005265758596439208,0.0,0.0,0.0,0.0,35,39
N3PPl+R-ASUBMS,702.0,0.02857142857142847,0.3037002443347643,7.91452314998e-05,0.00046822950400470556,0.0,0.0,0.0,0.0,35,39
O3PSg+R+I-APOSSES,702.0,0.02857142857142847,0.3037002443347643,5.854800936768e-05,0.0003463746945608584,0.0,0.0,0.0,0.0,35,39
O3PSg+R+I-APOSS,702.0,0.02857142857142847,0.3037002443347643,5.854800936768e-05,0.0003463746945608584,0.0,0.0,0.0,0.0,35,39
O3PSg-R-AExpPREP,702.0,0.02857142857142847,0.3037002443347643,8.900756564307715e-05,0.0005265758596439208,0.0,0.0,0.0,0.0,35,39
O3PSg-R+ASUB,702.0,0.02857142857142847,0.3037002443347643,5.7487783845931434e-05,0.00034010231578611563,0.0,0.0,0.0,0.0,35,39
O3PPl+R-APOSSPREPES,702.0,0.02857142857142847,0.3037002443347643,8.071025020177429e-05,0.00047748827950762856,0.0,0.0,0.0,0.0,35,39
O3PSg-R+ASUBES,702.0,0.02857142857142847,0.3037002443347643,5.7487783845931434e-05,0.00034010231578611563,0.0,0.0,0.0,0.0,35,39
O2PSg-R-AGenSUBES,702.0,0.02857142857142847,0.3037002443347643,0.00013802622498274573,0.0008165741591579803,0.0,0.0,0.0,0.0,35,39
O3PSg+R+I-APREPES,745.0,0.09157509157509147,0.31150499536322795,0.0007982829482366915,0.0017205956907786126,0.0005694091298704026,0.0016773918260246765,0.0,0.0,35,39
ESTRUNC+A,609.0,-0.10769230769230764,0.32039355660743885,0.00105917762587732,0.0022457866500426114,0.0015990537714504769,0.0026705515578015495,0.0,0.0,35,39
O1PSgPOSS,772.5,0.13186813186813184,0.3321194931749746,0.017001433902843432,0.010224069371984475,0.01512176040360747,0.012510799318523837,0.0166320166320166,0.0126849894291754,35,39
O2PSgGenOBJ,648.0,-0.05054945054945059,0.3475643289034801,5.7487783845931434e-05,0.00034010231578611563,0.0002927021928723539,0.0011304189033459104,0.0,0.0,35,39
O3PSg-R-AExpSUBES,755.5,0.10695970695970702,0.35147900655533415,0.001645354815980317,0.0021718216212257427,0.0016594928827255023,0.003090399726208162,0.0,0.0,35,39
O3PSg+R+I+ASUBMS,629.0,-0.07838827838827844,0.353816328510262,0.00043918742439809713,0.001305860596599441,0.0010477350716818644,0.0024094765547501298,0.0,0.0,35,39
N3PSg-R-AExpSUBMS,665.0,-0.02564102564102566,0.3574346416222831,0.0,0.0,6.346788525006154e-05,0.0003963568163492133,0.0,0.0,35,39
O3PPl+R+APOSSPREP,665.0,-0.02564102564102566,0.3574346416222831,0.0,0.0,0.00014907573047107691,0.0009309776384016545,0.0,0.0,35,39
N2PSgSUB,665.0,-0.02564102564102566,0.3574346416222831,0.0,0.0,6.49139889646205e-05,0.0004053877311521107,0.0,0.0,35,39
O3PSg-R-AOBJMS,665.0,-0.02564102564102566,0.3574346416222831,0.0,0.0,5.4209356534935895e-05,0.00033853732305513985,0.0,0.0,35,39
O3PSg-R-AOBJ,665.0,-0.02564102564102566,0.3574346416222831,0.0,0.0,5.4209356534935895e-05,0.00033853732305513985,0.0,0.0,35,39
O3PPl+R+APOSSES,665.0,-0.02564102564102566,0.3574346416222831,0.0,0.0,0.00014907573047107691,0.0009309776384016545,0.0,0.0,35,39
CSTRUNC+A,665.0,-0.02564102564102566,0.3574346416222831,0.0,0.0,8.872327211427435e-05,0.0005540766567649998,0.0,0.0,35,39
O2PSgGenPREP,665.0,-0.02564102564102566,0.3574346416222831,0.0,0.0,5.211590577444103e-05,0.0003254637272461038,0.0,0.0,35,39
O2PSgGenPOSSPREP,665.0,-0.02564102564102566,0.3574346416222831,0.0,0.0,0.00010423181154888462,0.0006509274544922235,0.0,0.0,35,39
O1PPl-R-AGenSUBMS,665.0,-0.02564102564102566,0.3574346416222831,0.0,0.0,0.00015634771732332564,0.0009763911817383271,0.0,0.0,35,39
N2PSgGen,665.0,-0.02564102564102566,0.3574346416222831,0.0,0.0,0.00015540015540015386,0.0009704736594247608,0.0,0.0,35,39
O3PSg+R+APOSS,665.0,-0.02564102564102566,0.3574346416222831,0.0,0.0,0.00016980811682798205,0.001060451349702549,0.0,0.0,35,39
O3PSg-R+AExp,665.0,-0.02564102564102566,0.3574346416222831,0.0,0.0,0.00017094017094016923,0.0010675210253672366,0.0,0.0,35,39
O3PPl+R+APOSSPREPES,665.0,-0.02564102564102566,0.3574346416222831,0.0,0.0,0.00014907573047107691,0.0009309776384016545,0.0,0.0,35,39
N3PSg+R+ASUBES,665.0,-0.02564102564102566,0.3574346416222831,0.0,0.0,0.00014907573047107691,0.0009309776384016545,0.0,0.0,35,39
N3PSg-R-AExpSUBES,665.0,-0.02564102564102566,0.3574346416222831,0.0,0.0,0.00014907573047107691,0.0009309776384016545,0.0,0.0,35,39
O3PSg+R+APOSSES,665.0,-0.02564102564102566,0.3574346416222831,0.0,0.0,0.00016980811682798205,0.001060451349702549,0.0,0.0,35,39
O3PSg-R+AExpSUB,665.0,-0.02564102564102566,0.3574346416222831,0.0,0.0,0.00017094017094016923,0.0010675210253672366,0.0,0.0,35,39
O3PSg-R+AExpSUBMS,665.0,-0.02564102564102566,0.3574346416222831,0.0,0.0,0.00017094017094016923,0.0010675210253672366,0.0,0.0,35,39
O3PPl+R-APOSSES,665.0,-0.02564102564102566,0.3574346416222831,0.0,0.0,0.00011655011655011538,0.0007278552445685705,0.0,0.0,35,39
N3PPl+R-ASUBES,665.0,-0.02564102564102566,0.3574346416222831,0.0,0.0,0.0001871607711023769,0.0011688186409130447,0.0,0.0,35,39
CSTRUNC,665.0,-0.02564102564102566,0.3574346416222831,0.0,0.0,8.872327211427435e-05,0.0005540766567649998,0.0,0.0,35,39
N2PSgGenSUB,665.0,-0.02564102564102566,0.3574346416222831,0.0,0.0,0.00015540015540015386,0.0009704736594247608,0.0,0.0,35,39
O3P,767.0,0.12380952380952381,0.36311202474803506,0.04414787916935774,0.031936867789931385,0.03688915628285261,0.026894596627283572,0.0353430353430353,0.0279329608938547,35,39
O3PPl+R-APREPMS,722.5,0.05860805860805862,0.36630353552259354,0.00025736207258731145,0.0007357876648287041,0.0002480641721148026,0.001203391478800088,0.0,0.0,35,39
O1PPlPREP,650.0,-0.04761904761904767,0.37665852691090584,8.071025020177429e-05,0.00047748827950762856,0.00032381235958604105,0.001371586338911376,0.0,0.0,35,39
O3PPl+R+ASUBMS,721.5,0.05714285714285716,0.37856268883998057,0.0005388649432450829,0.001655900660456359,0.0005747639893981334,0.00260210472762482,0.0,0.0,35,39
O3PSg+R+AOBJ,651.0,-0.0461538461538461,0.3917529918292003,0.00084033613445378,0.004971495616050086,0.00047060480840130256,0.0018475776480660787,0.0,0.0,35,39
O3PSg+R+I-APREP,744.0,0.09010989010989001,0.40636363655548513,0.0013976890876038427,0.0023300477687004566,0.0011674119914746538,0.0024565028997984364,0.0,0.0,35,39
O2PSgOBJ,639.0,-0.06373626373626373,0.41221478375965126,0.0003949322079752514,0.001323294654433088,0.000651650770932941,0.0019031781513048848,0.0,0.0,35,39
O3PSg-R-AExpSUBMS,753.5,0.1040293040293041,0.4259631742269657,0.003819809419533643,0.0041017370827455685,0.003650177296340249,0.005070453329658451,0.0029585798816568,0.0,35,39
O3PPl+R-AOBJES,649.5,-0.0483516483516484,0.4572882877655766,0.00015332489133782572,0.0006481970266142441,0.0005066009561786564,0.0016667865471789117,0.0,0.0,35,39
O3PSg+R+I+AOBJMS,705.0,0.03296703296703307,0.48578771200012494,0.00028738529797317427,0.0011864925443584508,8.518613169775897e-05,0.0005319872219438073,0.0,0.0,35,39
O3PPl+R+AOBJES,705.0,0.03296703296703307,0.48578771200012494,0.00028738529797317427,0.0011864925443584508,5.211590577444103e-05,0.0003254637272461038,0.0,0.0,35,39
O3PPl+R+AOBJ,705.0,0.03296703296703307,0.48578771200012494,0.00028738529797317427,0.0011864925443584508,5.211590577444103e-05,0.0003254637272461038,0.0,0.0,35,39
O3PPl+R+ASUBES,652.5,-0.04395604395604391,0.4998629763851751,0.00036205971750402,0.0015124098026914816,0.0006684297046635129,0.002315154040842602,0.0,0.0,35,39
O2PSgSUB,632.0,-0.07399267399267395,0.5029494493773772,0.0026310222462378827,0.007093920066841632,0.00239988437318441,0.004607433770776793,0.0,0.0,35,39
O3PSg+R+I+AOBJES,649.0,-0.04908424908424913,0.5074509301939287,0.00027988448304278285,0.0009953807660285777,0.0005772861666694102,0.0016248484240759347,0.0,0.0,35,39
O3PPl-R-AExpSUBMS,709.0,0.03882783882783891,0.5176852964054258,0.0004328183378386172,0.0014832227536122622,0.00015104815616324359,0.0006641642952575136,0.0,0.0,35,39
O2PSgPREP,650.0,-0.04761904761904767,0.5204013595035958,0.0002590998418341543,0.000898518048736907,0.0008158570126284767,0.002476006754403302,0.0,0.0,35,39
N3PSg+R-ASUBES,703.0,0.03003663003662993,0.5263038625529619,0.00019751289050651713,0.0008362494387230603,0.00023523876734885896,0.0014690656312393293,0.0,0.0,35,39
MSTRUNC+A,631.5,-0.07472527472527468,0.5484091805938934,0.002320497307310834,0.0034248665281171884,0.0029049412382525,0.003639643599453085,0.0,0.0,35,39
TRUNC+A,632.5,-0.07326007326007322,0.5667067159262917,0.0033796749331881626,0.00471135905118389,0.004592718281817269,0.005671115408205073,0.0020876826722338,0.0,35,39
O1PPlOBJ,706.0,0.03443223443223453,0.5671368817746953,0.0003105043007753114,0.0011514828630849972,0.00035026736671659744,0.0018817304300542475,0.0,0.0,35,39
O3PSg-R-A,735.0,0.07692307692307687,0.5696188647102591,0.006746968846209503,0.005251357413704998,0.0061559621351756815,0.006427375854668181,0.0060120240480961,0.006060606060606,35,39
O3PSg+R-APOSSES,652.5,-0.04395604395604391,0.5909472013482728,0.000646705494362077,0.002113660007772663,0.0010918400998022437,0.0029925739312498547,0.0,0.0,35,39
N3PSg+R-ASUB,711.0,0.04175824175824183,0.5933726681907927,0.0008223760671662029,0.002215023023671621,0.0005825050524665334,0.0018850372439847157,0.0,0.0,35,39
N3PSg+R-A,711.0,0.04175824175824183,0.5933726681907927,0.0008223760671662029,0.002215023023671621,0.0005825050524665334,0.0018850372439847157,0.0,0.0,35,39
N1PSg,725.5,0.063003663003663,0.6046421623211657,0.0033754454986577287,0.005254272430829295,0.0028186615172183078,0.004445340027741366,0.0,0.0,35,39
N1PSgSUB,725.5,0.063003663003663,0.6046421623211657,0.0033754454986577287,0.005254272430829295,0.0028186615172183078,0.004445340027741366,0.0,0.0,35,39
N3PSg+R-ASUBMS,707.0,0.03589743589743599,0.6088322233564177,0.0005558500641683086,0.0018506130707172416,0.0003472662851176743,0.0012501568172235493,0.0,0.0,35,39
O3PSg+R+I-APREPMS,712.0,0.04322344322344329,0.6119144754775878,0.0005994061393671486,0.0014160164145150336,0.0005980028616042513,0.001890882390863842,0.0,0.0,35,39
O3PSg+R-APREPES,712.0,0.04322344322344329,0.6119144754775878,0.0007471860181402772,0.0018993517121913615,0.0004789646589363487,0.0013180873525174943,0.0,0.0,35,39
O3PPl+R+APOSS,666.0,-0.0241758241758242,0.612206308348695,5.9400059400057146e-05,0.00035141549053159423,0.00038390739954090254,0.0019238514489024767,0.0,0.0,35,39
O3PSg-R-AExpSUB,728.5,0.06739926739926738,0.6162120349080948,0.0054651642355139805,0.00464848992039682,0.005309670179065761,0.006090637566012958,0.0047393364928909,0.0037037037037037,35,39
O1PPlPOSS,654.5,-0.04102564102564099,0.6163530448320862,0.00040976900007886285,0.0011986766155853176,0.0006738717680225872,0.0017513966247846534,0.0,0.0,35,39
O1P,729.0,0.06813186813186811,0.6184635367777389,0.09186386765149024,0.029183720821778437,0.08362957546155558,0.0382813503957267,0.0905349794238683,0.0968858131487889,35,39
O2PPl,709.0,0.03882783882783891,0.6200246888266413,0.0008525730322755171,0.002571325004050246,0.0006436175429719743,0.0024041075401013473,0.0,0.0,35,39
O3PPl+R+ASUB,655.5,-0.03956043956043953,0.6292330843851903,0.0009009246607491056,0.003077720519898409,0.0012431936940616461,0.0033678313657705293,0.0,0.0,35,39
O3PPl-R-AExpSUB,658.0,-0.03589743589743588,0.6297738850389452,0.0004328183378386172,0.0014832227536122622,0.00046071321692168983,0.0013676577914589255,0.0,0.0,35,39
O3PPl-R-A,658.0,-0.03589743589743588,0.6297738850389452,0.0004328183378386172,0.0014832227536122622,0.00046071321692168983,0.0013676577914589255,0.0,0.0,35,39
O3PPl-R-AExp,658.0,-0.03589743589743588,0.6297738850389452,0.0004328183378386172,0.0014832227536122622,0.00046071321692168983,0.0013676577914589255,0.0,0.0,35,39
O3PPl-R,658.0,-0.03589743589743588,0.6297738850389452,0.0004328183378386172,0.0014832227536122622,0.00046071321692168983,0.0013676577914589255,0.0,0.0,35,39
CS,727.0,0.06520146520146519,0.633801750929212,0.025835362415589685,0.012284877334905112,0.024895883267143155,0.011523575070151391,0.0276008492569002,0.0241935483870967,35,39
O3PSg,726.0,0.06373626373626373,0.6415038446758763,0.03731969663621412,0.03115132536475286,0.03222511409722595,0.026971022085375496,0.0249307479224376,0.0277777777777777,35,39
O3PSg+R+I-ASUB,641.0,-0.06080586080586081,0.644684270245856,0.004829019735667232,0.006126066559244241,0.005576827143361997,0.007440709554349284,0.0029585798816568,0.0047619047619047,35,39
O3PPl+R-APREPES,707.0,0.03589743589743599,0.6471854383108414,0.0004129809271799428,0.0010702889482985928,0.000402449333030941,0.0013257335318356618,0.0,0.0,35,39
O3PSg+R+ASUBES,668.0,-0.02124542124542128,0.6573601590188295,0.00042016806722688856,0.0024857478080250344,0.0004148634483121179,0.0018275211379461449,0.0,0.0,35,39
O3PSg+R+AOBJES,668.0,-0.02124542124542128,0.6573601590188295,0.00021008403361344284,0.001242873904012509,0.00023318790431773332,0.0011527696334404699,0.0,0.0,35,39
O3PSg+R+ASUB,668.0,-0.02124542124542128,0.6573601590188295,0.0010504201680672258,0.006214369520062616,0.0006810332646549461,0.0031075940688123404,0.0,0.0,35,39
N1P,719.0,0.05347985347985351,0.6637693695297218,0.0034339935080254084,0.00527394486256557,0.0028728708737532434,0.0044228969958798004,0.0,0.0,35,39
ES,643.5,-0.05714285714285716,0.6768014526407649,0.08644824167406788,0.01937766037944174,0.08816669150704735,0.02354520163494551,0.0808823529411764,0.0866336633663366,35,39
O1PSg,720.5,0.0556776556776557,0.6847411472098782,0.08852105015445304,0.029964458017838216,0.08060976113430145,0.04007424547138316,0.087248322147651,0.0893854748603352,35,39
ESTRUNC,715.5,0.0483516483516484,0.6864649232856621,0.002217510797374603,0.003099978992546776,0.0020550504610188074,0.003409544657132012,0.0,0.0,35,39
O3PSg+R,719.0,0.05347985347985351,0.6965951636029596,0.0302825540720663,0.029938647021903266,0.025898211791110078,0.025583795097776557,0.0221327967806841,0.0185185185185185,35,39
O3PSg-R-AExpOBJMS,703.0,0.03003663003662993,0.7029091106853005,0.00039744023545764285,0.0010749797033222706,0.0004909117855836565,0.0016204988558911385,0.0,0.0,35,39
O3PSg-R,717.0,0.05054945054945059,0.7104470645554264,0.006804456630055438,0.00541066581423691,0.006326902306115851,0.006347501461415818,0.0060120240480961,0.0066225165562913,35,39
O3PSg+R-AOBJ,711.5,0.04249084249084256,0.7106130520899123,0.0032302881974242714,0.006247983574635307,0.002609778488516351,0.004919515516208906,0.0,0.0,35,39
N3P,661.0,-0.0315018315018315,0.7522095838038616,0.0012150270064561343,0.0027458936701143083,0.0026193967504910183,0.009455287983496383,0.0,0.0,35,39
N3PSg,662.5,-0.02930402930402931,0.7573725724745953,0.0011358817749563344,0.0027396679807086435,0.0024322359793886414,0.009432429753862355,0.0,0.0,35,39
O3PSg+R+I,711.0,0.04175824175824183,0.7615714271920115,0.011691049375830459,0.007838052248445629,0.012296266043378218,0.011101271177345688,0.0100806451612903,0.0091743119266055,35,39
MS,711.0,0.04175824175824183,0.7617752554768771,0.08524532846264742,0.01415031367563847,0.08353585579685101,0.015009459845977787,0.0853080568720379,0.0842105263157894,35,39
O3PSg-R-AExp,709.5,0.03956043956043964,0.7712471244052725,0.00625435800877108,0.005042482192979255,0.006101752778640745,0.006471128657295227,0.0059880239520958,0.006060606060606,35,39
O1PSgSUB,709.5,0.03956043956043964,0.7741810887840342,0.06102984920151015,0.0238833869653186,0.05758939521292788,0.03039762458709977,0.0572597137014314,0.0631578947368421,35,39
O2PSgPOSS,693.5,0.01611721611721606,0.8329694042869322,0.0014527556517429743,0.004969476216188769,0.0007727582891373308,0.0025276769253791075,0.0,0.0,35,39
O3PPl+R-APREP,694.5,0.01758241758241752,0.8461792580984181,0.0006703429997672571,0.001564643001451501,0.0006505135051457436,0.001732281601042816,0.0,0.0,35,39
O1PPl,697.5,0.0219780219780219,0.8502722174786901,0.0033428174970371828,0.008076398190358927,0.003019814327254131,0.006056709697810606,0.0,0.0,35,39
O3PSg+R-ASUBES,695.5,0.01904761904761898,0.850929288101037,0.0033672371147573884,0.007973854198429976,0.003211497731977231,0.007250938211094289,0.0,0.0,35,39
O1PPlSUB,695.0,0.01831501831501825,0.8722781040331109,0.0024824338865811627,0.006642190481398948,0.0015155151156055668,0.002827046796876849,0.0,0.0,35,39
O3PSg+R+I+AOBJ,673.0,-0.01391941391941387,0.8748893107243699,0.0005672697810159572,0.0014943047226023166,0.0006624722983671692,0.001679940773763525,0.0,0.0,35,39
O3PSg+R+I-ASUBES,669.5,-0.01904761904761909,0.8766232852293042,0.0017763935885477342,0.0026802217977269964,0.002664864445314823,0.004550545532007699,0.0,0.0,35,39
O3PPl+R-AOBJ,691.0,0.01245421245421241,0.8841164375776976,0.0005044025868574314,0.0012727573773598606,0.000592071041648741,0.0017245869992620789,0.0,0.0,35,39
O3PSg+R+I-AOBJMS,692.5,0.0146520146520146,0.8864252578704878,0.0011357077245419916,0.0025046437495318654,0.0013534688148147257,0.0036376685463514083,0.0,0.0,35,39
O2PSgPOSSPREP,689.0,0.00952380952380949,0.8908504138921,0.00041819401278254855,0.0015895645151402756,0.00034928590275681794,0.001264109973768218,0.0,0.0,35,39
O3PSg+R+I-ASUBMS,694.0,0.01684981684981679,0.8943272099568446,0.0026385474721712454,0.003997470724773672,0.002911962698047169,0.004867810277354965,0.0,0.0,35,39
O3PPl+R+A,674.0,-0.01245421245421241,0.8961017355524494,0.0015778553182938654,0.0046285579048828615,0.0016792169993769923,0.00393117353115897,0.0,0.0,35,39
N,693.0,0.01538461538461533,0.9097070983658426,0.004649020514481549,0.005531050108163642,0.005712581768609046,0.010828561107275661,0.0027548209366391,0.0025316455696202,35,39
O3PSg-R-AExpOBJES,687.0,0.00659340659340657,0.9271068487040242,0.00030274597215636,0.001115610116823268,0.0003011708139913231,0.001064581266111041,0.0,0.0,35,39
O3PSg+R-AOBJES,676.0,-0.00952380952380949,0.9349100396293244,0.0014490837751069687,0.0027016092797036042,0.0015396314633142592,0.002718870611829381,0.0,0.0,35,39
O3PSg-R-AExpOBJ,677.0,-0.00805860805860803,0.9349511985556537,0.0007001862076140058,0.0016858113744030207,0.0007920825995749796,0.0018589975041383273,0.0,0.0,35,39
N3PSg+R,677.0,-0.00805860805860803,0.9349511985556537,0.0010752205677983112,0.0025914843328163784,0.0022196923636675003,0.008539509802013689,0.0,0.0,35,39
O3PSg+R+ASUBMS,685.0,0.00366300366300365,0.9385611187597328,0.0006302521008403343,0.0037286217120375627,0.00026616981634282566,0.0016622299702950154,0.0,0.0,35,39
O3PSg+R+AOBJMS,685.0,0.00366300366300365,0.9385611187597328,0.0006302521008403343,0.0037286217120375627,0.00023741690408356922,0.0014826680907878336,0.0,0.0,35,39
O3PSg+R-APOSSMS,686.5,0.00586080586080584,0.9439562765149807,0.0005230173937558172,0.001720201122745797,0.0005807925817705948,0.0019558772180468947,0.0,0.0,35,39
O3PSg+R-APREPMS,685.5,0.00439560439560438,0.9449355289119351,0.00013379416282641713,0.0005570235145421856,0.0001814641055147359,0.0008237613775741753,0.0,0.0,35,39
O1PPlPOSSPREP,686.0,0.00512820512820511,0.94529679136782,0.00029525425630560283,0.0010234546942301742,0.00042280575779334614,0.0015741157045343547,0.0,0.0,35,39
O3PSg+R-AOBJMS,687.0,0.00659340659340657,0.9479401708157104,0.0015741650848431741,0.003947775909558125,0.0010701470252020872,0.0026329139681745884,0.0,0.0,35,39
O2PPlPREP,684.0,0.00219780219780219,0.9692577488340574,8.071025020177429e-05,0.00047748827950762856,0.00011655011655011538,0.0007278552445685705,0.0,0.0,35,39
O1PPl-R-AGen,684.0,0.00219780219780219,0.9692577488340574,5.9400059400057146e-05,0.00035141549053159423,0.00015634771732332564,0.0009763911817383271,0.0,0.0,35,39
O1PPl-R-AGenSUB,684.0,0.00219780219780219,0.9692577488340574,5.9400059400057146e-05,0.00035141549053159423,0.00015634771732332564,0.0009763911817383271,0.0,0.0,35,39
O3PPl+R+APOSSMS,684.0,0.00219780219780219,0.9692577488340574,5.9400059400057146e-05,0.00035141549053159423,8.575593859874615e-05,0.0005355456648999459,0.0,0.0,35,39
O1PPl-R-A,684.0,0.00219780219780219,0.9692577488340574,5.9400059400057146e-05,0.00035141549053159423,0.00015634771732332564,0.0009763911817383271,0.0,0.0,35,39
O1PPl-R,684.0,0.00219780219780219,0.9692577488340574,5.9400059400057146e-05,0.00035141549053159423,0.00015634771732332564,0.0009763911817383271,0.0,0.0,35,39
O3PSg-R+A,684.0,0.00219780219780219,0.9692577488340574,5.7487783845931434e-05,0.00034010231578611563,0.00017094017094016923,0.0010675210253672366,0.0,0.0,35,39
N3PPl+R-A,684.0,0.00219780219780219,0.9692577488340574,7.91452314998e-05,0.00046822950400470556,0.0001871607711023769,0.0011688186409130447,0.0,0.0,35,39
N3PPl+R,684.0,0.00219780219780219,0.9692577488340574,7.91452314998e-05,0.00046822950400470556,0.0001871607711023769,0.0011688186409130447,0.0,0.0,35,39
N1PPl,684.0,0.00219780219780219,0.9692577488340574,5.854800936768e-05,0.0003463746945608584,5.4209356534935895e-05,0.00033853732305513985,0.0,0.0,35,39
N1PPlSUB,684.0,0.00219780219780219,0.9692577488340574,5.854800936768e-05,0.0003463746945608584,5.4209356534935895e-05,0.00033853732305513985,0.0,0.0,35,39
N3PSg+R+A,684.0,0.00219780219780219,0.9692577488340574,0.0002528445006321086,0.0014958482384575353,0.0013416815742397128,0.008378798745615009,0.0,0.0,35,39
O2PPlOBJ,684.0,0.00219780219780219,0.9692577488340574,0.00024110910186859427,0.0014264206830860964,0.0003561253561253538,0.0022240021361817517,0.0,0.0,35,39
N3PPl,684.0,0.00219780219780219,0.9692577488340574,7.91452314998e-05,0.00046822950400470556,0.0001871607711023769,0.0011688186409130447,0.0,0.0,35,39
N3PPl+R-ASUB,684.0,0.00219780219780219,0.9692577488340574,7.91452314998e-05,0.00046822950400470556,0.0001871607711023769,0.0011688186409130447,0.0,0.0,35,39
N3PSg+R+ASUBMS,684.0,0.00219780219780219,0.9692577488340574,0.0002528445006321086,0.0014958482384575353,0.0011926058437686333,0.007447821107213346,0.0,0.0,35,39
N3PSg+R+ASUB,684.0,0.00219780219780219,0.9692577488340574,0.0002528445006321086,0.0014958482384575353,0.0013416815742397128,0.008378798745615009,0.0,0.0,35,39
